{
  "fold1": {
    "best_epoch": 19,
    "training_loss": 0.8642591824582148,
    "validation_loss": 1.457809095613922,
    "training_history": {
      "training_loss": [
        2.4497733938282935,
        2.266789772782465,
        2.129031578488944,
        1.9881658503484347,
        1.8426304571824617,
        1.7342468459030678,
        1.6949172993869934,
        1.6357891072645112,
        1.6302920273191417,
        1.5973866245158472,
        1.6075458678389734,
        1.6032983972159873,
        1.5435939062811652,
        1.471005260786264,
        1.3933590508266216,
        1.296345458422795,
        1.1497985545140679,
        1.0494492401811109,
        0.9301107438869122,
        0.8642591824582148
      ],
      "validation_loss": [
        2.331216981339111,
        2.217585389767218,
        2.0269337473815576,
        1.9013633629597655,
        1.7928132449190082,
        1.72691423544565,
        1.7072043725891164,
        1.6665004058246689,
        1.6738973242739705,
        1.7960553804356336,
        1.6050926734001265,
        1.595496590492141,
        1.596804188635215,
        1.6822508050526734,
        1.5299777081761103,
        1.6717015925116183,
        1.5259576362324574,
        1.5866533410326524,
        1.4889033250657164,
        1.457809095613922
      ]
    }
  },
  "fold2": {
    "best_epoch": 15,
    "training_loss": 1.2110527136848808,
    "validation_loss": 1.6386289688588442,
    "training_history": {
      "training_loss": [
        2.4516188341549014,
        2.2422886033813394,
        2.0912873841343216,
        1.9485386367504607,
        1.803191774645098,
        1.6829840430682506,
        1.6309351026814374,
        1.5816299509259546,
        1.563385232226433,
        1.5388147671385424,
        1.513926510466417,
        1.509909839010776,
        1.5085531011016422,
        1.4017658808754325,
        1.3533493255921119,
        1.2110527136848808,
        1.057281552125793,
        0.9193345631409197,
        0.8606794340236049,
        0.7617486877264449
      ],
      "validation_loss": [
        2.345756406931307,
        2.1184313035277595,
        2.0101178700836195,
        1.8362193628068666,
        1.7540752468691863,
        1.7127865127406514,
        1.6985546310925452,
        1.6692233675804464,
        1.6517773005871517,
        1.6797901989987583,
        1.6650230966400692,
        1.7561850380470656,
        1.6697804004580528,
        1.916641807225233,
        1.8052129422298555,
        1.6386289688588442,
        1.6859957824183356,
        1.6668262658555075,
        1.6416396414775416,
        1.707974603460825
      ]
    }
  },
  "fold3": {
    "best_epoch": 17,
    "training_loss": 0.9977674058617654,
    "validation_loss": 1.7955213333523932,
    "training_history": {
      "training_loss": [
        2.478047809424922,
        2.2762597075249995,
        2.107834726768363,
        1.9465621827619348,
        1.7944165884427559,
        1.686262279002877,
        1.643594616172499,
        1.5807507204601101,
        1.575729930510791,
        1.5464275093731987,
        1.5246256915005771,
        1.6072475900763108,
        1.479734802748689,
        1.4524006347254175,
        1.3474512609097327,
        1.2391145201068623,
        1.1160794498106865,
        0.9977674058617654,
        0.911034763251997,
        0.8666202396900443
      ],
      "validation_loss": [
        2.376400638236332,
        2.1370602746670855,
        2.0958424373398237,
        2.0509667844181907,
        1.9576801374494468,
        1.927358279237837,
        1.9035412998090362,
        1.8975658237051676,
        1.8617459168183852,
        1.8486524509870188,
        1.862332772197826,
        1.8812609798654734,
        1.8540153298652349,
        2.0083393005711874,
        1.9469192058329305,
        1.879023709054911,
        1.9101606002165203,
        1.7955213333523932,
        1.864178600574406,
        1.8569226379269386
      ]
    }
  },
  "fold4": {
    "best_epoch": 16,
    "training_loss": 1.14325168367887,
    "validation_loss": 1.7423105048338048,
    "training_history": {
      "training_loss": [
        2.4734953824137316,
        2.323261950206946,
        2.1829586470860822,
        1.9790605889654254,
        1.8320593363713302,
        1.7062641853216387,
        1.6780348448939548,
        1.6351183671023497,
        1.6438244075510062,
        1.6250453471821873,
        1.574763645800749,
        1.5502657773556259,
        1.5810486416718883,
        1.481302935425451,
        1.3858414592528328,
        1.3014654163332824,
        1.14325168367887,
        0.9826754431784508,
        0.917348519450856,
        0.8327238016930106
      ],
      "validation_loss": [
        2.3257276871717747,
        2.2715157193268305,
        2.160430315778624,
        2.024289992243012,
        1.964333522036337,
        1.9796942018139787,
        1.961284668080243,
        1.9442131718131006,
        2.0141150654543343,
        1.8823806169089743,
        1.973733466517185,
        2.058391480732468,
        1.9516650869005423,
        1.9899955380073153,
        1.883330887796227,
        1.839853283908597,
        1.7423105048338048,
        1.7868551688473007,
        1.7560886326719622,
        1.8815463268083656
      ]
    }
  },
  "fold5": {
    "best_epoch": 17,
    "training_loss": 1.0061770122517983,
    "validation_loss": 1.605439422856893,
    "training_history": {
      "training_loss": [
        2.4841571838136702,
        2.3103482433097073,
        2.1598215708656916,
        2.0083722765483554,
        1.8905485572007599,
        1.7466709828250622,
        1.6924170211509422,
        1.6621987680909496,
        1.6357578524836787,
        1.6210582092325523,
        1.614647214374845,
        1.5909565415962663,
        1.517101808830544,
        1.5132880097343808,
        1.3971461328879866,
        1.2830827740765123,
        1.1067063770596943,
        1.0061770122517983,
        0.9334696182813594,
        0.8566260645313869
      ],
      "validation_loss": [
        2.4062356025177913,
        2.2168430449946825,
        2.0420763184692685,
        1.9519062971437213,
        1.9141423976184517,
        1.8486543357767016,
        1.8396456570025312,
        1.8291669628478044,
        1.8320165642839394,
        1.8429379340039185,
        1.8344876361998501,
        1.7460459354697473,
        1.798124294209954,
        1.7437538214077224,
        1.6625062272248678,
        1.713377531869522,
        1.6498490594475475,
        1.605439422856893,
        1.630624097269892,
        1.6461125235881238
      ]
    }
  }
}